{
	"partitions" : [
		{
			"name" : "Top",
			"pins" : [
				{
					"name" : "dac_clk",
					"strict" : false
				},
				{
					"name" : "dac_data[0]",
					"strict" : false
				},
				{
					"name" : "dac_data[1]",
					"strict" : false
				},
				{
					"name" : "dac_data[2]",
					"strict" : false
				},
				{
					"name" : "dac_data[3]",
					"strict" : false
				},
				{
					"name" : "dac_data[4]",
					"strict" : false
				},
				{
					"name" : "dac_data[5]",
					"strict" : false
				},
				{
					"name" : "dac_data[6]",
					"strict" : false
				},
				{
					"name" : "dac_data[7]",
					"strict" : false
				},
				{
					"name" : "tmds_clk_p",
					"strict" : false
				},
				{
					"name" : "tmds_clk_n",
					"strict" : false
				},
				{
					"name" : "tmds_data_p[0]",
					"strict" : false
				},
				{
					"name" : "tmds_data_p[1]",
					"strict" : false
				},
				{
					"name" : "tmds_data_p[2]",
					"strict" : false
				},
				{
					"name" : "tmds_data_n[0]",
					"strict" : false
				},
				{
					"name" : "tmds_data_n[1]",
					"strict" : false
				},
				{
					"name" : "tmds_data_n[2]",
					"strict" : false
				},
				{
					"name" : "sdram_cas_n",
					"strict" : false
				},
				{
					"name" : "sdram_ras_n",
					"strict" : false
				},
				{
					"name" : "sdram_we_n",
					"strict" : false
				},
				{
					"name" : "sdram_ba[0]",
					"strict" : false
				},
				{
					"name" : "sdram_ba[1]",
					"strict" : false
				},
				{
					"name" : "sdram_addr[0]",
					"strict" : false
				},
				{
					"name" : "sdram_addr[1]",
					"strict" : false
				},
				{
					"name" : "sdram_addr[2]",
					"strict" : false
				},
				{
					"name" : "sdram_addr[3]",
					"strict" : false
				},
				{
					"name" : "sdram_addr[4]",
					"strict" : false
				},
				{
					"name" : "sdram_addr[5]",
					"strict" : false
				},
				{
					"name" : "sdram_addr[6]",
					"strict" : false
				},
				{
					"name" : "sdram_addr[7]",
					"strict" : false
				},
				{
					"name" : "sdram_addr[8]",
					"strict" : false
				},
				{
					"name" : "sdram_addr[9]",
					"strict" : false
				},
				{
					"name" : "sdram_addr[10]",
					"strict" : false
				},
				{
					"name" : "sdram_addr[11]",
					"strict" : false
				},
				{
					"name" : "sdram_addr[12]",
					"strict" : false
				},
				{
					"name" : "ad_clk",
					"strict" : false
				},
				{
					"name" : "stcp",
					"strict" : false
				},
				{
					"name" : "shcp",
					"strict" : false
				},
				{
					"name" : "ds",
					"strict" : false
				},
				{
					"name" : "oe",
					"strict" : false
				},
				{
					"name" : "sdram_dq[0]",
					"strict" : false
				},
				{
					"name" : "sdram_dq[1]",
					"strict" : false
				},
				{
					"name" : "sdram_dq[2]",
					"strict" : false
				},
				{
					"name" : "sdram_dq[3]",
					"strict" : false
				},
				{
					"name" : "sdram_dq[4]",
					"strict" : false
				},
				{
					"name" : "sdram_dq[5]",
					"strict" : false
				},
				{
					"name" : "sdram_dq[6]",
					"strict" : false
				},
				{
					"name" : "sdram_dq[7]",
					"strict" : false
				},
				{
					"name" : "sdram_dq[8]",
					"strict" : false
				},
				{
					"name" : "sdram_dq[9]",
					"strict" : false
				},
				{
					"name" : "sdram_dq[10]",
					"strict" : false
				},
				{
					"name" : "sdram_dq[11]",
					"strict" : false
				},
				{
					"name" : "sdram_dq[12]",
					"strict" : false
				},
				{
					"name" : "sdram_dq[13]",
					"strict" : false
				},
				{
					"name" : "sdram_dq[14]",
					"strict" : false
				},
				{
					"name" : "sdram_dq[15]",
					"strict" : false
				},
				{
					"name" : "sys_clk",
					"strict" : false
				},
				{
					"name" : "wave_A[1]",
					"strict" : false
				},
				{
					"name" : "wave_A[3]",
					"strict" : false
				},
				{
					"name" : "wave_A[0]",
					"strict" : false
				},
				{
					"name" : "wave_A[2]",
					"strict" : false
				},
				{
					"name" : "sys_rst_n",
					"strict" : false
				},
				{
					"name" : "key[1]",
					"strict" : false
				},
				{
					"name" : "key[0]",
					"strict" : false
				},
				{
					"name" : "key[2]",
					"strict" : false
				},
				{
					"name" : "key[3]",
					"strict" : false
				},
				{
					"name" : "ad_data[7]",
					"strict" : false
				},
				{
					"name" : "ad_data[6]",
					"strict" : false
				},
				{
					"name" : "ad_data[5]",
					"strict" : false
				},
				{
					"name" : "ad_data[4]",
					"strict" : false
				},
				{
					"name" : "ad_data[3]",
					"strict" : false
				},
				{
					"name" : "ad_data[2]",
					"strict" : false
				},
				{
					"name" : "ad_data[1]",
					"strict" : false
				},
				{
					"name" : "ad_data[0]",
					"strict" : false
				},
				{
					"name" : "rx",
					"strict" : false
				}
			]
		}
	]
}